realtime_start,value,date,realtime_end
2019-12-06,156309,1952-01-01,2019-12-06
2019-12-06,156527,1952-02-01,2019-12-06
2019-12-06,156731,1952-03-01,2019-12-06
2019-12-06,156943,1952-04-01,2019-12-06
2019-12-06,157140,1952-05-01,2019-12-06
2019-12-06,157343,1952-06-01,2019-12-06
2019-12-06,157553,1952-07-01,2019-12-06
2019-12-06,157798,1952-08-01,2019-12-06
2019-12-06,158053,1952-09-01,2019-12-06
2019-12-06,158306,1952-10-01,2019-12-06
2019-12-06,158451,1952-11-01,2019-12-06
2019-12-06,158757,1952-12-01,2019-12-06
2019-12-06,158973,1953-01-01,2019-12-06
2019-12-06,159170,1953-02-01,2019-12-06
2019-12-06,159349,1953-03-01,2019-12-06
2019-12-06,159556,1953-04-01,2019-12-06
2019-12-06,159745,1953-05-01,2019-12-06
2019-12-06,159956,1953-06-01,2019-12-06
2019-12-06,160184,1953-07-01,2019-12-06
2019-12-06,160449,1953-08-01,2019-12-06
2019-12-06,160718,1953-09-01,2019-12-06
2019-12-06,160978,1953-10-01,2019-12-06
2019-12-06,161223,1953-11-01,2019-12-06
2019-12-06,161453,1953-12-01,2019-12-06
2019-12-06,161690,1954-01-01,2019-12-06
2019-12-06,161912,1954-02-01,2019-12-06
2019-12-06,162124,1954-03-01,2019-12-06
2019-12-06,162350,1954-04-01,2019-12-06
2019-12-06,162564,1954-05-01,2019-12-06
2019-12-06,162790,1954-06-01,2019-12-06
2019-12-06,163026,1954-07-01,2019-12-06
2019-12-06,163290,1954-08-01,2019-12-06
2019-12-06,163570,1954-09-01,2019-12-06
2019-12-06,163847,1954-10-01,2019-12-06
2019-12-06,164107,1954-11-01,2019-12-06
2019-12-06,164349,1954-12-01,2019-12-06
2019-12-06,164588,1955-01-01,2019-12-06
2019-12-06,164809,1955-02-01,2019-12-06
2019-12-06,165018,1955-03-01,2019-12-06
2019-12-06,165251,1955-04-01,2019-12-06
2019-12-06,165463,1955-05-01,2019-12-06
2019-12-06,165695,1955-06-01,2019-12-06
2019-12-06,165931,1955-07-01,2019-12-06
2019-12-06,166192,1955-08-01,2019-12-06
2019-12-06,166473,1955-09-01,2019-12-06
2019-12-06,166755,1955-10-01,2019-12-06
2019-12-06,167023,1955-11-01,2019-12-06
2019-12-06,167270,1955-12-01,2019-12-06
2019-12-06,167513,1956-01-01,2019-12-06
2019-12-06,167746,1956-02-01,2019-12-06
2019-12-06,167977,1956-03-01,2019-12-06
2019-12-06,168221,1956-04-01,2019-12-06
2019-12-06,168436,1956-05-01,2019-12-06
2019-12-06,168659,1956-06-01,2019-12-06
2019-12-06,168903,1956-07-01,2019-12-06
2019-12-06,169191,1956-08-01,2019-12-06
2019-12-06,169488,1956-09-01,2019-12-06
2019-12-06,169780,1956-10-01,2019-12-06
2019-12-06,170063,1956-11-01,2019-12-06
2019-12-06,170315,1956-12-01,2019-12-06
2019-12-06,170571,1957-01-01,2019-12-06
2019-12-06,170806,1957-02-01,2019-12-06
2019-12-06,171029,1957-03-01,2019-12-06
2019-12-06,171271,1957-04-01,2019-12-06
2019-12-06,171501,1957-05-01,2019-12-06
2019-12-06,171741,1957-06-01,2019-12-06
2019-12-06,171984,1957-07-01,2019-12-06
2019-12-06,172257,1957-08-01,2019-12-06
2019-12-06,172538,1957-09-01,2019-12-06
2019-12-06,172816,1957-10-01,2019-12-06
2019-12-06,173070,1957-11-01,2019-12-06
2019-12-06,173298,1957-12-01,2019-12-06
2019-12-06,173533,1958-01-01,2019-12-06
2019-12-06,173746,1958-02-01,2019-12-06
2019-12-06,173945,1958-03-01,2019-12-06
2019-12-06,174176,1958-04-01,2019-12-06
2019-12-06,174397,1958-05-01,2019-12-06
2019-12-06,174639,1958-06-01,2019-12-06
2019-12-06,174882,1958-07-01,2019-12-06
2019-12-06,175143,1958-08-01,2019-12-06
2019-12-06,175413,1958-09-01,2019-12-06
2019-12-06,175697,1958-10-01,2019-12-06
2019-12-06,175966,1958-11-01,2019-12-06
2019-12-06,176207,1958-12-01,2019-12-06
2019-12-06,176447,1959-01-01,2019-12-06
2019-12-06,176685,1959-02-01,2019-12-06
2019-12-06,176905,1959-03-01,2019-12-06
2019-12-06,177146,1959-04-01,2019-12-06
2019-12-06,177365,1959-05-01,2019-12-06
2019-12-06,177591,1959-06-01,2019-12-06
2019-12-06,177830,1959-07-01,2019-12-06
2019-12-06,178101,1959-08-01,2019-12-06
2019-12-06,178376,1959-09-01,2019-12-06
2019-12-06,178657,1959-10-01,2019-12-06
2019-12-06,178921,1959-11-01,2019-12-06
2019-12-06,179153,1959-12-01,2019-12-06
2019-12-06,179386,1960-01-01,2019-12-06
2019-12-06,179597,1960-02-01,2019-12-06
2019-12-06,179788,1960-03-01,2019-12-06
2019-12-06,180007,1960-04-01,2019-12-06
2019-12-06,180222,1960-05-01,2019-12-06
2019-12-06,180444,1960-06-01,2019-12-06
2019-12-06,180671,1960-07-01,2019-12-06
2019-12-06,180945,1960-08-01,2019-12-06
2019-12-06,181238,1960-09-01,2019-12-06
2019-12-06,181528,1960-10-01,2019-12-06
2019-12-06,181796,1960-11-01,2019-12-06
2019-12-06,182042,1960-12-01,2019-12-06
2019-12-06,182287,1961-01-01,2019-12-06
2019-12-06,182520,1961-02-01,2019-12-06
2019-12-06,182742,1961-03-01,2019-12-06
2019-12-06,182992,1961-04-01,2019-12-06
2019-12-06,183217,1961-05-01,2019-12-06
2019-12-06,183452,1961-06-01,2019-12-06
2019-12-06,183691,1961-07-01,2019-12-06
2019-12-06,183958,1961-08-01,2019-12-06
2019-12-06,184243,1961-09-01,2019-12-06
2019-12-06,184524,1961-10-01,2019-12-06
2019-12-06,184783,1961-11-01,2019-12-06
2019-12-06,185016,1961-12-01,2019-12-06
2019-12-06,185242,1962-01-01,2019-12-06
2019-12-06,185452,1962-02-01,2019-12-06
2019-12-06,185650,1962-03-01,2019-12-06
2019-12-06,185874,1962-04-01,2019-12-06
2019-12-06,186087,1962-05-01,2019-12-06
2019-12-06,186314,1962-06-01,2019-12-06
2019-12-06,186538,1962-07-01,2019-12-06
2019-12-06,186790,1962-08-01,2019-12-06
2019-12-06,187058,1962-09-01,2019-12-06
2019-12-06,187323,1962-10-01,2019-12-06
2019-12-06,187574,1962-11-01,2019-12-06
2019-12-06,187796,1962-12-01,2019-12-06
2019-12-06,188013,1963-01-01,2019-12-06
2019-12-06,188213,1963-02-01,2019-12-06
2019-12-06,188387,1963-03-01,2019-12-06
2019-12-06,188580,1963-04-01,2019-12-06
2019-12-06,188790,1963-05-01,2019-12-06
2019-12-06,189018,1963-06-01,2019-12-06
2019-12-06,189242,1963-07-01,2019-12-06
2019-12-06,189496,1963-08-01,2019-12-06
2019-12-06,189761,1963-09-01,2019-12-06
2019-12-06,190028,1963-10-01,2019-12-06
2019-12-06,190265,1963-11-01,2019-12-06
2019-12-06,190472,1963-12-01,2019-12-06
2019-12-06,190668,1964-01-01,2019-12-06
2019-12-06,190858,1964-02-01,2019-12-06
2019-12-06,191047,1964-03-01,2019-12-06
2019-12-06,191245,1964-04-01,2019-12-06
2019-12-06,191447,1964-05-01,2019-12-06
2019-12-06,191666,1964-06-01,2019-12-06
2019-12-06,191889,1964-07-01,2019-12-06
2019-12-06,192131,1964-08-01,2019-12-06
2019-12-06,192376,1964-09-01,2019-12-06
2019-12-06,192631,1964-10-01,2019-12-06
2019-12-06,192847,1964-11-01,2019-12-06
2019-12-06,193039,1964-12-01,2019-12-06
2019-12-06,193223,1965-01-01,2019-12-06
2019-12-06,193393,1965-02-01,2019-12-06
2019-12-06,193540,1965-03-01,2019-12-06
2019-12-06,193709,1965-04-01,2019-12-06
2019-12-06,193888,1965-05-01,2019-12-06
2019-12-06,194087,1965-06-01,2019-12-06
2019-12-06,194303,1965-07-01,2019-12-06
2019-12-06,194528,1965-08-01,2019-12-06
2019-12-06,194761,1965-09-01,2019-12-06
2019-12-06,194997,1965-10-01,2019-12-06
2019-12-06,195195,1965-11-01,2019-12-06
2019-12-06,195372,1965-12-01,2019-12-06
2019-12-06,195539,1966-01-01,2019-12-06
2019-12-06,195688,1966-02-01,2019-12-06
2019-12-06,195831,1966-03-01,2019-12-06
2019-12-06,195999,1966-04-01,2019-12-06
2019-12-06,196178,1966-05-01,2019-12-06
2019-12-06,196372,1966-06-01,2019-12-06
2019-12-06,196560,1966-07-01,2019-12-06
2019-12-06,196762,1966-08-01,2019-12-06
2019-12-06,196984,1966-09-01,2019-12-06
2019-12-06,197207,1966-10-01,2019-12-06
2019-12-06,197398,1966-11-01,2019-12-06
2019-12-06,197572,1966-12-01,2019-12-06
2019-12-06,197736,1967-01-01,2019-12-06
2019-12-06,197892,1967-02-01,2019-12-06
2019-12-06,198037,1967-03-01,2019-12-06
2019-12-06,198206,1967-04-01,2019-12-06
2019-12-06,198363,1967-05-01,2019-12-06
2019-12-06,198537,1967-06-01,2019-12-06
2019-12-06,198712,1967-07-01,2019-12-06
2019-12-06,198911,1967-08-01,2019-12-06
2019-12-06,199113,1967-09-01,2019-12-06
2019-12-06,199311,1967-10-01,2019-12-06
2019-12-06,199498,1967-11-01,2019-12-06
2019-12-06,199657,1967-12-01,2019-12-06
2019-12-06,199808,1968-01-01,2019-12-06
2019-12-06,199920,1968-02-01,2019-12-06
2019-12-06,200056,1968-03-01,2019-12-06
2019-12-06,200208,1968-04-01,2019-12-06
2019-12-06,200361,1968-05-01,2019-12-06
2019-12-06,200536,1968-06-01,2019-12-06
2019-12-06,200706,1968-07-01,2019-12-06
2019-12-06,200898,1968-08-01,2019-12-06
2019-12-06,201095,1968-09-01,2019-12-06
2019-12-06,201290,1968-10-01,2019-12-06
2019-12-06,201466,1968-11-01,2019-12-06
2019-12-06,201621,1968-12-01,2019-12-06
2019-12-06,201760,1969-01-01,2019-12-06
2019-12-06,201881,1969-02-01,2019-12-06
2019-12-06,202023,1969-03-01,2019-12-06
2019-12-06,202161,1969-04-01,2019-12-06
2019-12-06,202331,1969-05-01,2019-12-06
2019-12-06,202507,1969-06-01,2019-12-06
2019-12-06,202677,1969-07-01,2019-12-06
2019-12-06,202877,1969-08-01,2019-12-06
2019-12-06,203090,1969-09-01,2019-12-06
2019-12-06,203302,1969-10-01,2019-12-06
2019-12-06,203500,1969-11-01,2019-12-06
2019-12-06,203675,1969-12-01,2019-12-06
2019-12-06,203849,1970-01-01,2019-12-06
2019-12-06,204008,1970-02-01,2019-12-06
2019-12-06,204156,1970-03-01,2019-12-06
2019-12-06,204401,1970-04-01,2019-12-06
2019-12-06,204607,1970-05-01,2019-12-06
2019-12-06,204830,1970-06-01,2019-12-06
2019-12-06,205052,1970-07-01,2019-12-06
2019-12-06,205295,1970-08-01,2019-12-06
2019-12-06,205540,1970-09-01,2019-12-06
2019-12-06,205788,1970-10-01,2019-12-06
2019-12-06,206024,1970-11-01,2019-12-06
2019-12-06,206238,1970-12-01,2019-12-06
2019-12-06,206466,1971-01-01,2019-12-06
2019-12-06,206668,1971-02-01,2019-12-06
2019-12-06,206855,1971-03-01,2019-12-06
2019-12-06,207065,1971-04-01,2019-12-06
2019-12-06,207260,1971-05-01,2019-12-06
2019-12-06,207462,1971-06-01,2019-12-06
2019-12-06,207661,1971-07-01,2019-12-06
2019-12-06,207881,1971-08-01,2019-12-06
2019-12-06,208114,1971-09-01,2019-12-06
2019-12-06,208345,1971-10-01,2019-12-06
2019-12-06,208555,1971-11-01,2019-12-06
2019-12-06,208740,1971-12-01,2019-12-06
2019-12-06,208917,1972-01-01,2019-12-06
2019-12-06,209061,1972-02-01,2019-12-06
2019-12-06,209212,1972-03-01,2019-12-06
2019-12-06,209386,1972-04-01,2019-12-06
2019-12-06,209545,1972-05-01,2019-12-06
2019-12-06,209725,1972-06-01,2019-12-06
2019-12-06,209896,1972-07-01,2019-12-06
2019-12-06,210075,1972-08-01,2019-12-06
2019-12-06,210278,1972-09-01,2019-12-06
2019-12-06,210479,1972-10-01,2019-12-06
2019-12-06,210656,1972-11-01,2019-12-06
2019-12-06,210821,1972-12-01,2019-12-06
2019-12-06,210985,1973-01-01,2019-12-06
2019-12-06,211120,1973-02-01,2019-12-06
2019-12-06,211254,1973-03-01,2019-12-06
2019-12-06,211420,1973-04-01,2019-12-06
2019-12-06,211577,1973-05-01,2019-12-06
2019-12-06,211746,1973-06-01,2019-12-06
2019-12-06,211909,1973-07-01,2019-12-06
2019-12-06,212092,1973-08-01,2019-12-06
2019-12-06,212289,1973-09-01,2019-12-06
2019-12-06,212475,1973-10-01,2019-12-06
2019-12-06,212634,1973-11-01,2019-12-06
2019-12-06,212785,1973-12-01,2019-12-06
2019-12-06,212932,1974-01-01,2019-12-06
2019-12-06,213074,1974-02-01,2019-12-06
2019-12-06,213211,1974-03-01,2019-12-06
2019-12-06,213361,1974-04-01,2019-12-06
2019-12-06,213513,1974-05-01,2019-12-06
2019-12-06,213686,1974-06-01,2019-12-06
2019-12-06,213854,1974-07-01,2019-12-06
2019-12-06,214042,1974-08-01,2019-12-06
2019-12-06,214246,1974-09-01,2019-12-06
2019-12-06,214451,1974-10-01,2019-12-06
2019-12-06,214625,1974-11-01,2019-12-06
2019-12-06,214782,1974-12-01,2019-12-06
2019-12-06,214931,1975-01-01,2019-12-06
2019-12-06,215065,1975-02-01,2019-12-06
2019-12-06,215198,1975-03-01,2019-12-06
2019-12-06,215353,1975-04-01,2019-12-06
2019-12-06,215523,1975-05-01,2019-12-06
2019-12-06,215768,1975-06-01,2019-12-06
2019-12-06,215973,1975-07-01,2019-12-06
2019-12-06,216195,1975-08-01,2019-12-06
2019-12-06,216393,1975-09-01,2019-12-06
2019-12-06,216587,1975-10-01,2019-12-06
2019-12-06,216771,1975-11-01,2019-12-06
2019-12-06,216931,1975-12-01,2019-12-06
2019-12-06,217095,1976-01-01,2019-12-06
2019-12-06,217249,1976-02-01,2019-12-06
2019-12-06,217381,1976-03-01,2019-12-06
2019-12-06,217528,1976-04-01,2019-12-06
2019-12-06,217685,1976-05-01,2019-12-06
2019-12-06,217861,1976-06-01,2019-12-06
2019-12-06,218035,1976-07-01,2019-12-06
2019-12-06,218233,1976-08-01,2019-12-06
2019-12-06,218440,1976-09-01,2019-12-06
2019-12-06,218644,1976-10-01,2019-12-06
2019-12-06,218834,1976-11-01,2019-12-06
2019-12-06,219006,1976-12-01,2019-12-06
2019-12-06,219179,1977-01-01,2019-12-06
2019-12-06,219344,1977-02-01,2019-12-06
2019-12-06,219504,1977-03-01,2019-12-06
2019-12-06,219684,1977-04-01,2019-12-06
2019-12-06,219859,1977-05-01,2019-12-06
2019-12-06,220046,1977-06-01,2019-12-06
2019-12-06,220239,1977-07-01,2019-12-06
2019-12-06,220458,1977-08-01,2019-12-06
2019-12-06,220688,1977-09-01,2019-12-06
2019-12-06,220904,1977-10-01,2019-12-06
2019-12-06,221109,1977-11-01,2019-12-06
2019-12-06,221303,1977-12-01,2019-12-06
2019-12-06,221477,1978-01-01,2019-12-06
2019-12-06,221629,1978-02-01,2019-12-06
2019-12-06,221792,1978-03-01,2019-12-06
2019-12-06,221991,1978-04-01,2019-12-06
2019-12-06,222176,1978-05-01,2019-12-06
2019-12-06,222379,1978-06-01,2019-12-06
2019-12-06,222585,1978-07-01,2019-12-06
2019-12-06,222805,1978-08-01,2019-12-06
2019-12-06,223053,1978-09-01,2019-12-06
2019-12-06,223271,1978-10-01,2019-12-06
2019-12-06,223477,1978-11-01,2019-12-06
2019-12-06,223670,1978-12-01,2019-12-06
2019-12-06,223865,1979-01-01,2019-12-06
2019-12-06,224053,1979-02-01,2019-12-06
2019-12-06,224235,1979-03-01,2019-12-06
2019-12-06,224438,1979-04-01,2019-12-06
2019-12-06,224632,1979-05-01,2019-12-06
2019-12-06,224843,1979-06-01,2019-12-06
2019-12-06,225055,1979-07-01,2019-12-06
2019-12-06,225295,1979-08-01,2019-12-06
2019-12-06,225547,1979-09-01,2019-12-06
2019-12-06,225801,1979-10-01,2019-12-06
2019-12-06,226027,1979-11-01,2019-12-06
2019-12-06,226243,1979-12-01,2019-12-06
2019-12-06,226451,1980-01-01,2019-12-06
2019-12-06,226656,1980-02-01,2019-12-06
2019-12-06,226849,1980-03-01,2019-12-06
2019-12-06,227061,1980-04-01,2019-12-06
2019-12-06,227251,1980-05-01,2019-12-06
2019-12-06,227522,1980-06-01,2019-12-06
2019-12-06,227726,1980-07-01,2019-12-06
2019-12-06,227953,1980-08-01,2019-12-06
2019-12-06,228186,1980-09-01,2019-12-06
2019-12-06,228417,1980-10-01,2019-12-06
2019-12-06,228612,1980-11-01,2019-12-06
2019-12-06,228779,1980-12-01,2019-12-06
2019-12-06,228937,1981-01-01,2019-12-06
2019-12-06,229071,1981-02-01,2019-12-06
2019-12-06,229224,1981-03-01,2019-12-06
2019-12-06,229403,1981-04-01,2019-12-06
2019-12-06,229575,1981-05-01,2019-12-06
2019-12-06,229761,1981-06-01,2019-12-06
2019-12-06,229966,1981-07-01,2019-12-06
2019-12-06,230187,1981-08-01,2019-12-06
2019-12-06,230412,1981-09-01,2019-12-06
2019-12-06,230641,1981-10-01,2019-12-06
2019-12-06,230822,1981-11-01,2019-12-06
2019-12-06,230989,1981-12-01,2019-12-06
2019-12-06,231157,1982-01-01,2019-12-06
2019-12-06,231313,1982-02-01,2019-12-06
2019-12-06,231470,1982-03-01,2019-12-06
2019-12-06,231645,1982-04-01,2019-12-06
2019-12-06,231809,1982-05-01,2019-12-06
2019-12-06,231992,1982-06-01,2019-12-06
2019-12-06,232188,1982-07-01,2019-12-06
2019-12-06,232392,1982-08-01,2019-12-06
2019-12-06,232599,1982-09-01,2019-12-06
2019-12-06,232816,1982-10-01,2019-12-06
2019-12-06,232993,1982-11-01,2019-12-06
2019-12-06,233160,1982-12-01,2019-12-06
2019-12-06,233322,1983-01-01,2019-12-06
2019-12-06,233473,1983-02-01,2019-12-06
2019-12-06,233613,1983-03-01,2019-12-06
2019-12-06,233781,1983-04-01,2019-12-06
2019-12-06,233922,1983-05-01,2019-12-06
2019-12-06,234118,1983-06-01,2019-12-06
2019-12-06,234307,1983-07-01,2019-12-06
2019-12-06,234501,1983-08-01,2019-12-06
2019-12-06,234701,1983-09-01,2019-12-06
2019-12-06,234907,1983-10-01,2019-12-06
2019-12-06,235078,1983-11-01,2019-12-06
2019-12-06,235235,1983-12-01,2019-12-06
2019-12-06,235385,1984-01-01,2019-12-06
2019-12-06,235527,1984-02-01,2019-12-06
2019-12-06,235675,1984-03-01,2019-12-06
2019-12-06,235839,1984-04-01,2019-12-06
2019-12-06,235993,1984-05-01,2019-12-06
2019-12-06,236160,1984-06-01,2019-12-06
2019-12-06,236348,1984-07-01,2019-12-06
2019-12-06,236549,1984-08-01,2019-12-06
2019-12-06,236760,1984-09-01,2019-12-06
2019-12-06,236976,1984-10-01,2019-12-06
2019-12-06,237159,1984-11-01,2019-12-06
2019-12-06,237316,1984-12-01,2019-12-06
2019-12-06,237468,1985-01-01,2019-12-06
2019-12-06,237602,1985-02-01,2019-12-06
2019-12-06,237732,1985-03-01,2019-12-06
2019-12-06,237900,1985-04-01,2019-12-06
2019-12-06,238074,1985-05-01,2019-12-06
2019-12-06,238270,1985-06-01,2019-12-06
2019-12-06,238466,1985-07-01,2019-12-06
2019-12-06,238679,1985-08-01,2019-12-06
2019-12-06,238898,1985-09-01,2019-12-06
2019-12-06,239113,1985-10-01,2019-12-06
2019-12-06,239307,1985-11-01,2019-12-06
2019-12-06,239477,1985-12-01,2019-12-06
2019-12-06,239638,1986-01-01,2019-12-06
2019-12-06,239788,1986-02-01,2019-12-06
2019-12-06,239928,1986-03-01,2019-12-06
2019-12-06,240094,1986-04-01,2019-12-06
2019-12-06,240271,1986-05-01,2019-12-06
2019-12-06,240459,1986-06-01,2019-12-06
2019-12-06,240651,1986-07-01,2019-12-06
2019-12-06,240854,1986-08-01,2019-12-06
2019-12-06,241068,1986-09-01,2019-12-06
2019-12-06,241274,1986-10-01,2019-12-06
2019-12-06,241467,1986-11-01,2019-12-06
2019-12-06,241620,1986-12-01,2019-12-06
2019-12-06,241784,1987-01-01,2019-12-06
2019-12-06,241930,1987-02-01,2019-12-06
2019-12-06,242079,1987-03-01,2019-12-06
2019-12-06,242252,1987-04-01,2019-12-06
2019-12-06,242423,1987-05-01,2019-12-06
2019-12-06,242608,1987-06-01,2019-12-06
2019-12-06,242804,1987-07-01,2019-12-06
2019-12-06,243012,1987-08-01,2019-12-06
2019-12-06,243223,1987-09-01,2019-12-06
2019-12-06,243446,1987-10-01,2019-12-06
2019-12-06,243639,1987-11-01,2019-12-06
2019-12-06,243809,1987-12-01,2019-12-06
2019-12-06,243981,1988-01-01,2019-12-06
2019-12-06,244131,1988-02-01,2019-12-06
2019-12-06,244279,1988-03-01,2019-12-06
2019-12-06,244445,1988-04-01,2019-12-06
2019-12-06,244610,1988-05-01,2019-12-06
2019-12-06,244806,1988-06-01,2019-12-06
2019-12-06,245021,1988-07-01,2019-12-06
2019-12-06,245240,1988-08-01,2019-12-06
2019-12-06,245464,1988-09-01,2019-12-06
2019-12-06,245693,1988-10-01,2019-12-06
2019-12-06,245884,1988-11-01,2019-12-06
2019-12-06,246056,1988-12-01,2019-12-06
2019-12-06,246224,1989-01-01,2019-12-06
2019-12-06,246378,1989-02-01,2019-12-06
2019-12-06,246530,1989-03-01,2019-12-06
2019-12-06,246721,1989-04-01,2019-12-06
2019-12-06,246906,1989-05-01,2019-12-06
2019-12-06,247114,1989-06-01,2019-12-06
2019-12-06,247342,1989-07-01,2019-12-06
2019-12-06,247573,1989-08-01,2019-12-06
2019-12-06,247816,1989-09-01,2019-12-06
2019-12-06,248067,1989-10-01,2019-12-06
2019-12-06,248281,1989-11-01,2019-12-06
2019-12-06,248479,1989-12-01,2019-12-06
2019-12-06,248659,1990-01-01,2019-12-06
2019-12-06,248827,1990-02-01,2019-12-06
2019-12-06,249012,1990-03-01,2019-12-06
2019-12-06,249306,1990-04-01,2019-12-06
2019-12-06,249565,1990-05-01,2019-12-06
2019-12-06,249849,1990-06-01,2019-12-06
2019-12-06,250132,1990-07-01,2019-12-06
2019-12-06,250439,1990-08-01,2019-12-06
2019-12-06,250751,1990-09-01,2019-12-06
2019-12-06,251057,1990-10-01,2019-12-06
2019-12-06,251346,1990-11-01,2019-12-06
2019-12-06,251626,1990-12-01,2019-12-06
2019-12-06,251889,1991-01-01,2019-12-06
2019-12-06,252135,1991-02-01,2019-12-06
2019-12-06,252372,1991-03-01,2019-12-06
2019-12-06,252643,1991-04-01,2019-12-06
2019-12-06,252913,1991-05-01,2019-12-06
2019-12-06,253207,1991-06-01,2019-12-06
2019-12-06,253493,1991-07-01,2019-12-06
2019-12-06,253807,1991-08-01,2019-12-06
2019-12-06,254126,1991-09-01,2019-12-06
2019-12-06,254435,1991-10-01,2019-12-06
2019-12-06,254718,1991-11-01,2019-12-06
2019-12-06,254964,1991-12-01,2019-12-06
2019-12-06,255214,1992-01-01,2019-12-06
2019-12-06,255448,1992-02-01,2019-12-06
2019-12-06,255703,1992-03-01,2019-12-06
2019-12-06,255992,1992-04-01,2019-12-06
2019-12-06,256285,1992-05-01,2019-12-06
2019-12-06,256589,1992-06-01,2019-12-06
2019-12-06,256894,1992-07-01,2019-12-06
2019-12-06,257232,1992-08-01,2019-12-06
2019-12-06,257548,1992-09-01,2019-12-06
2019-12-06,257861,1992-10-01,2019-12-06
2019-12-06,258147,1992-11-01,2019-12-06
2019-12-06,258413,1992-12-01,2019-12-06
2019-12-06,258679,1993-01-01,2019-12-06
2019-12-06,258919,1993-02-01,2019-12-06
2019-12-06,259152,1993-03-01,2019-12-06
2019-12-06,259414,1993-04-01,2019-12-06
2019-12-06,259680,1993-05-01,2019-12-06
2019-12-06,259963,1993-06-01,2019-12-06
2019-12-06,260255,1993-07-01,2019-12-06
2019-12-06,260566,1993-08-01,2019-12-06
2019-12-06,260867,1993-09-01,2019-12-06
2019-12-06,261163,1993-10-01,2019-12-06
2019-12-06,261425,1993-11-01,2019-12-06
2019-12-06,261674,1993-12-01,2019-12-06
2019-12-06,261919,1994-01-01,2019-12-06
2019-12-06,262123,1994-02-01,2019-12-06
2019-12-06,262352,1994-03-01,2019-12-06
2019-12-06,262631,1994-04-01,2019-12-06
2019-12-06,262877,1994-05-01,2019-12-06
2019-12-06,263152,1994-06-01,2019-12-06
2019-12-06,263436,1994-07-01,2019-12-06
2019-12-06,263724,1994-08-01,2019-12-06
2019-12-06,264017,1994-09-01,2019-12-06
2019-12-06,264301,1994-10-01,2019-12-06
2019-12-06,264559,1994-11-01,2019-12-06
2019-12-06,264804,1994-12-01,2019-12-06
2019-12-06,265044,1995-01-01,2019-12-06
2019-12-06,265270,1995-02-01,2019-12-06
2019-12-06,265495,1995-03-01,2019-12-06
2019-12-06,265755,1995-04-01,2019-12-06
2019-12-06,265998,1995-05-01,2019-12-06
2019-12-06,266270,1995-06-01,2019-12-06
2019-12-06,266557,1995-07-01,2019-12-06
2019-12-06,266843,1995-08-01,2019-12-06
2019-12-06,267152,1995-09-01,2019-12-06
2019-12-06,267456,1995-10-01,2019-12-06
2019-12-06,267715,1995-11-01,2019-12-06
2019-12-06,267943,1995-12-01,2019-12-06
2019-12-06,268151,1996-01-01,2019-12-06
2019-12-06,268364,1996-02-01,2019-12-06
2019-12-06,268595,1996-03-01,2019-12-06
2019-12-06,268853,1996-04-01,2019-12-06
2019-12-06,269108,1996-05-01,2019-12-06
2019-12-06,269386,1996-06-01,2019-12-06
2019-12-06,269667,1996-07-01,2019-12-06
2019-12-06,269976,1996-08-01,2019-12-06
2019-12-06,270284,1996-09-01,2019-12-06
2019-12-06,270581,1996-10-01,2019-12-06
2019-12-06,270878,1996-11-01,2019-12-06
2019-12-06,271125,1996-12-01,2019-12-06
2019-12-06,271360,1997-01-01,2019-12-06
2019-12-06,271585,1997-02-01,2019-12-06
2019-12-06,271821,1997-03-01,2019-12-06
2019-12-06,272083,1997-04-01,2019-12-06
2019-12-06,272342,1997-05-01,2019-12-06
2019-12-06,272622,1997-06-01,2019-12-06
2019-12-06,272912,1997-07-01,2019-12-06
2019-12-06,273237,1997-08-01,2019-12-06
2019-12-06,273553,1997-09-01,2019-12-06
2019-12-06,273852,1997-10-01,2019-12-06
2019-12-06,274126,1997-11-01,2019-12-06
2019-12-06,274372,1997-12-01,2019-12-06
2019-12-06,274626,1998-01-01,2019-12-06
2019-12-06,274838,1998-02-01,2019-12-06
2019-12-06,275047,1998-03-01,2019-12-06
2019-12-06,275304,1998-04-01,2019-12-06
2019-12-06,275564,1998-05-01,2019-12-06
2019-12-06,275836,1998-06-01,2019-12-06
2019-12-06,276115,1998-07-01,2019-12-06
2019-12-06,276418,1998-08-01,2019-12-06
2019-12-06,276714,1998-09-01,2019-12-06
2019-12-06,277003,1998-10-01,2019-12-06
2019-12-06,277277,1998-11-01,2019-12-06
2019-12-06,277526,1998-12-01,2019-12-06
2019-12-06,277790,1999-01-01,2019-12-06
2019-12-06,277992,1999-02-01,2019-12-06
2019-12-06,278198,1999-03-01,2019-12-06
2019-12-06,278451,1999-04-01,2019-12-06
2019-12-06,278717,1999-05-01,2019-12-06
2019-12-06,279001,1999-06-01,2019-12-06
2019-12-06,279295,1999-07-01,2019-12-06
2019-12-06,279602,1999-08-01,2019-12-06
2019-12-06,279903,1999-09-01,2019-12-06
2019-12-06,280203,1999-10-01,2019-12-06
2019-12-06,280471,1999-11-01,2019-12-06
2019-12-06,280716,1999-12-01,2019-12-06
2019-12-06,280976,2000-01-01,2019-12-06
2019-12-06,281190,2000-02-01,2019-12-06
2019-12-06,281409,2000-03-01,2019-12-06
2019-12-06,281653,2000-04-01,2019-12-06
2019-12-06,281877,2000-05-01,2019-12-06
2019-12-06,282126,2000-06-01,2019-12-06
2019-12-06,282385,2000-07-01,2019-12-06
2019-12-06,282653,2000-08-01,2019-12-06
2019-12-06,282932,2000-09-01,2019-12-06
2019-12-06,283201,2000-10-01,2019-12-06
2019-12-06,283453,2000-11-01,2019-12-06
2019-12-06,283696,2000-12-01,2019-12-06
2019-12-06,283920,2001-01-01,2019-12-06
2019-12-06,284137,2001-02-01,2019-12-06
2019-12-06,284350,2001-03-01,2019-12-06
2019-12-06,284581,2001-04-01,2019-12-06
2019-12-06,284810,2001-05-01,2019-12-06
2019-12-06,285062,2001-06-01,2019-12-06
2019-12-06,285309,2001-07-01,2019-12-06
2019-12-06,285570,2001-08-01,2019-12-06
2019-12-06,285843,2001-09-01,2019-12-06
2019-12-06,286098,2001-10-01,2019-12-06
2019-12-06,286341,2001-11-01,2019-12-06
2019-12-06,286570,2001-12-01,2019-12-06
2019-12-06,286788,2002-01-01,2019-12-06
2019-12-06,286994,2002-02-01,2019-12-06
2019-12-06,287190,2002-03-01,2019-12-06
2019-12-06,287397,2002-04-01,2019-12-06
2019-12-06,287623,2002-05-01,2019-12-06
2019-12-06,287864,2002-06-01,2019-12-06
2019-12-06,288105,2002-07-01,2019-12-06
2019-12-06,288360,2002-08-01,2019-12-06
2019-12-06,288618,2002-09-01,2019-12-06
2019-12-06,288870,2002-10-01,2019-12-06
2019-12-06,289106,2002-11-01,2019-12-06
2019-12-06,289313,2002-12-01,2019-12-06
2019-12-06,289518,2003-01-01,2019-12-06
2019-12-06,289714,2003-02-01,2019-12-06
2019-12-06,289911,2003-03-01,2019-12-06
2019-12-06,290125,2003-04-01,2019-12-06
2019-12-06,290346,2003-05-01,2019-12-06
2019-12-06,290584,2003-06-01,2019-12-06
2019-12-06,290820,2003-07-01,2019-12-06
2019-12-06,291072,2003-08-01,2019-12-06
2019-12-06,291321,2003-09-01,2019-12-06
2019-12-06,291574,2003-10-01,2019-12-06
2019-12-06,291807,2003-11-01,2019-12-06
2019-12-06,292008,2003-12-01,2019-12-06
2019-12-06,292192,2004-01-01,2019-12-06
2019-12-06,292368,2004-02-01,2019-12-06
2019-12-06,292561,2004-03-01,2019-12-06
2019-12-06,292779,2004-04-01,2019-12-06
2019-12-06,292997,2004-05-01,2019-12-06
2019-12-06,293223,2004-06-01,2019-12-06
2019-12-06,293463,2004-07-01,2019-12-06
2019-12-06,293719,2004-08-01,2019-12-06
2019-12-06,293971,2004-09-01,2019-12-06
2019-12-06,294230,2004-10-01,2019-12-06
2019-12-06,294466,2004-11-01,2019-12-06
2019-12-06,294694,2004-12-01,2019-12-06
2019-12-06,294914,2005-01-01,2019-12-06
2019-12-06,295105,2005-02-01,2019-12-06
2019-12-06,295287,2005-03-01,2019-12-06
2019-12-06,295490,2005-04-01,2019-12-06
2019-12-06,295704,2005-05-01,2019-12-06
2019-12-06,295936,2005-06-01,2019-12-06
2019-12-06,296186,2005-07-01,2019-12-06
2019-12-06,296440,2005-08-01,2019-12-06
2019-12-06,296707,2005-09-01,2019-12-06
2019-12-06,296972,2005-10-01,2019-12-06
2019-12-06,297207,2005-11-01,2019-12-06
2019-12-06,297431,2005-12-01,2019-12-06
2019-12-06,297647,2006-01-01,2019-12-06
2019-12-06,297854,2006-02-01,2019-12-06
2019-12-06,298060,2006-03-01,2019-12-06
2019-12-06,298281,2006-04-01,2019-12-06
2019-12-06,298496,2006-05-01,2019-12-06
2019-12-06,298739,2006-06-01,2019-12-06
2019-12-06,298996,2006-07-01,2019-12-06
2019-12-06,299263,2006-08-01,2019-12-06
2019-12-06,299554,2006-09-01,2019-12-06
2019-12-06,299835,2006-10-01,2019-12-06
2019-12-06,300094,2006-11-01,2019-12-06
2019-12-06,300340,2006-12-01,2019-12-06
2019-12-06,300574,2007-01-01,2019-12-06
2019-12-06,300802,2007-02-01,2019-12-06
2019-12-06,301021,2007-03-01,2019-12-06
2019-12-06,301254,2007-04-01,2019-12-06
2019-12-06,301483,2007-05-01,2019-12-06
2019-12-06,301739,2007-06-01,2019-12-06
2019-12-06,302004,2007-07-01,2019-12-06
2019-12-06,302267,2007-08-01,2019-12-06
2019-12-06,302546,2007-09-01,2019-12-06
2019-12-06,302807,2007-10-01,2019-12-06
2019-12-06,303054,2007-11-01,2019-12-06
2019-12-06,303287,2007-12-01,2019-12-06
2019-12-06,303506,2008-01-01,2019-12-06
2019-12-06,303711,2008-02-01,2019-12-06
2019-12-06,303907,2008-03-01,2019-12-06
2019-12-06,304117,2008-04-01,2019-12-06
2019-12-06,304323,2008-05-01,2019-12-06
2019-12-06,304556,2008-06-01,2019-12-06
2019-12-06,304798,2008-07-01,2019-12-06
2019-12-06,305045,2008-08-01,2019-12-06
2019-12-06,305309,2008-09-01,2019-12-06
2019-12-06,305554,2008-10-01,2019-12-06
2019-12-06,305786,2008-11-01,2019-12-06
2019-12-06,306004,2008-12-01,2019-12-06
2019-12-06,306208,2009-01-01,2019-12-06
2019-12-06,306402,2009-02-01,2019-12-06
2019-12-06,306588,2009-03-01,2019-12-06
2019-12-06,306787,2009-04-01,2019-12-06
2019-12-06,306984,2009-05-01,2019-12-06
2019-12-06,307206,2009-06-01,2019-12-06
2019-12-06,307439,2009-07-01,2019-12-06
2019-12-06,307685,2009-08-01,2019-12-06
2019-12-06,307946,2009-09-01,2019-12-06
2019-12-06,308189,2009-10-01,2019-12-06
2019-12-06,308418,2009-11-01,2019-12-06
2019-12-06,308633,2009-12-01,2019-12-06
2019-12-06,308833,2010-01-01,2019-12-06
2019-12-06,309027,2010-02-01,2019-12-06
2019-12-06,309212,2010-03-01,2019-12-06
2019-12-06,309191.211,2010-04-01,2019-12-06
2019-12-06,309369.053,2010-05-01,2019-12-06
2019-12-06,309548.502,2010-06-01,2019-12-06
2019-12-06,309745.698,2010-07-01,2019-12-06
2019-12-06,309957.775,2010-08-01,2019-12-06
2019-12-06,310176.466,2010-09-01,2019-12-06
2019-12-06,310399.958,2010-10-01,2019-12-06
2019-12-06,310595.764,2010-11-01,2019-12-06
2019-12-06,310781.705,2010-12-01,2019-12-06
2019-12-06,310960.74,2011-01-01,2019-12-06
2019-12-06,311113.376,2011-02-01,2019-12-06
2019-12-06,311265.404,2011-03-01,2019-12-06
2019-12-06,311436.238,2011-04-01,2019-12-06
2019-12-06,311607.08,2011-05-01,2019-12-06
2019-12-06,311791.223,2011-06-01,2019-12-06
2019-12-06,311997.049,2011-07-01,2019-12-06
2019-12-06,312205.367,2011-08-01,2019-12-06
2019-12-06,312429.118,2011-09-01,2019-12-06
2019-12-06,312644.159,2011-10-01,2019-12-06
2019-12-06,312829.523,2011-11-01,2019-12-06
2019-12-06,313009.712,2011-12-01,2019-12-06
2019-12-06,313183.179,2012-01-01,2019-12-06
2019-12-06,313338.977,2012-02-01,2019-12-06
2019-12-06,313499.369,2012-03-01,2019-12-06
2019-12-06,313667.127,2012-04-01,2019-12-06
2019-12-06,313830.53,2012-05-01,2019-12-06
2019-12-06,314017.594,2012-06-01,2019-12-06
2019-12-06,314210.786,2012-07-01,2019-12-06
2019-12-06,314422.341,2012-08-01,2019-12-06
2019-12-06,314646.749,2012-09-01,2019-12-06
2019-12-06,314853.978,2012-10-01,2019-12-06
2019-12-06,315053.863,2012-11-01,2019-12-06
2019-12-06,315232.752,2012-12-01,2019-12-06
2019-12-06,315389.595,2013-01-01,2019-12-06
2019-12-06,315520.143,2013-02-01,2019-12-06
2019-12-06,315662.224,2013-03-01,2019-12-06
2019-12-06,315817.855,2013-04-01,2019-12-06
2019-12-06,315983.654,2013-05-01,2019-12-06
2019-12-06,316171.042,2013-06-01,2019-12-06
2019-12-06,316358.778,2013-07-01,2019-12-06
2019-12-06,316580.327,2013-08-01,2019-12-06
2019-12-06,316806.125,2013-09-01,2019-12-06
2019-12-06,317022.27,2013-10-01,2019-12-06
2019-12-06,317228.026,2013-11-01,2019-12-06
2019-12-06,317411.551,2013-12-01,2019-12-06
2019-12-06,317593.923,2014-01-01,2019-12-06
2019-12-06,317753.883,2014-02-01,2019-12-06
2019-12-06,317917.203,2014-03-01,2019-12-06
2019-12-06,318089.218,2014-04-01,2019-12-06
2019-12-06,318269.505,2014-05-01,2019-12-06
2019-12-06,318464.152,2014-06-01,2019-12-06
2019-12-06,318662.368,2014-07-01,2019-12-06
2019-12-06,318893.786,2014-08-01,2019-12-06
2019-12-06,319125.296,2014-09-01,2019-12-06
2019-12-06,319353.734,2014-10-01,2019-12-06
2019-12-06,319564.209,2014-11-01,2019-12-06
2019-12-06,319746.157,2014-12-01,2019-12-06
2019-12-06,319928.646,2015-01-01,2019-12-06
2019-12-06,320074.511,2015-02-01,2019-12-06
2019-12-06,320230.786,2015-03-01,2019-12-06
2019-12-06,320402.295,2015-04-01,2019-12-06
2019-12-06,320583.972,2015-05-01,2019-12-06
2019-12-06,320773.558,2015-06-01,2019-12-06
2019-12-06,320978.213,2015-07-01,2019-12-06
2019-12-06,321202.45,2015-08-01,2019-12-06
2019-12-06,321427.611,2015-09-01,2019-12-06
2019-12-06,321653.019,2015-10-01,2019-12-06
2019-12-06,321856.265,2015-11-01,2019-12-06
2019-12-06,322043.071,2015-12-01,2019-12-06
2019-12-06,322232.862,2016-01-01,2019-12-06
2019-12-06,322398.098,2016-02-01,2019-12-06
2019-12-06,322551.468,2016-03-01,2019-12-06
2019-12-06,322721.212,2016-04-01,2019-12-06
2019-12-06,322899.995,2016-05-01,2019-12-06
2019-12-06,323088.466,2016-06-01,2019-12-06
2019-12-06,323291.042,2016-07-01,2019-12-06
2019-12-06,323501.361,2016-08-01,2019-12-06
2019-12-06,323709.851,2016-09-01,2019-12-06
2019-12-06,323919.726,2016-10-01,2019-12-06
2019-12-06,324106.527,2016-11-01,2019-12-06
2019-12-06,324274.912,2016-12-01,2019-12-06
2019-12-06,324438.195,2017-01-01,2019-12-06
2019-12-06,324581.497,2017-02-01,2019-12-06
2019-12-06,324713.97,2017-03-01,2019-12-06
2019-12-06,324861.757,2017-04-01,2019-12-06
2019-12-06,325019.199,2017-05-01,2019-12-06
2019-12-06,325186.237,2017-06-01,2019-12-06
2019-12-06,325367.612,2017-07-01,2019-12-06
2019-12-06,325567.716,2017-08-01,2019-12-06
2019-12-06,325766.019,2017-09-01,2019-12-06
2019-12-06,325965.952,2017-10-01,2019-12-06
2019-12-06,326142.633,2017-11-01,2019-12-06
2019-12-06,326301.399,2017-12-01,2019-12-06
2019-12-06,326454.123,2018-01-01,2019-12-06
2019-12-06,326600.823,2018-02-01,2019-12-06
2019-12-06,326736.69,2018-03-01,2019-12-06
2019-12-06,326887.866,2018-04-01,2019-12-06
2019-12-06,327048.704,2018-05-01,2019-12-06
2019-12-06,327219.14,2018-06-01,2019-12-06
2019-12-06,327403.909,2018-07-01,2019-12-06
2019-12-06,327600.25,2018-08-01,2019-12-06
2019-12-06,327794.788,2018-09-01,2019-12-06
2019-12-06,327990.95,2018-10-01,2019-12-06
2019-12-06,328163.864,2018-11-01,2019-12-06
2019-12-06,328318.861,2018-12-01,2019-12-06
2019-12-06,328467.812,2019-01-01,2019-12-06
2019-12-06,328610.744,2019-02-01,2019-12-06
2019-12-06,328742.843,2019-03-01,2019-12-06
2019-12-06,328890.25,2019-04-01,2019-12-06
2019-12-06,329047.319,2019-05-01,2019-12-06
2019-12-06,329213.989,2019-06-01,2019-12-06
2019-12-06,329394.993,2019-07-01,2019-12-06
2019-12-06,329591.333,2019-08-01,2019-12-06
2019-12-06,329785.872,2019-09-01,2019-12-06
2019-12-06,329982.035,2019-10-01,2019-12-06
2019-12-06,330154.949,2019-11-01,2019-12-06
2019-12-06,330309.946,2019-12-01,2019-12-06
